IdClient,Firstname,Lastname,Address,SubscriptionDate
5113,Lynde,Dawkins,Boa Vista,2017-11-18
8526,Shauna,Waldron,Antwerp,2017-08-22
9337,Suzette,Barney,Ulan Bator,2009-03-21
7915,Hollie,Seagraves,Campinas,2008-06-11
7429,Fayre,Corilla,Naypyidaw,2016-12-10
6787,Vivia,Olympium,Gold Coast,2005-08-05
1777,Kristan,Arquit,Pago Pago,2017-08-24
9199,Carilyn,Merna,Gibraltar,2017-07-08
7036,Janey,Rocray,Zürich,2008-02-29
8368,Dorthy,Delila,Serekunda,2010-12-17
3348,Wileen,Colleen,Nagoya,2012-06-02
590,Vanessa,Maryanne,Guwahati,2008-08-01
4971,Jaclyn,Olin,Naples,2016-08-23
289,Ardeen,Schonfeld,Surabaya,2014-11-17
9987,Odessa,Jarib,Cannes,2003-01-24
6799,Rebeca,Poppy,Campo Grande,2017-09-28
5747,Shauna,Audly,Miami,2005-08-27
5673,Sheree,Halsey,Melbourne,2003-06-03
3329,Alleen,Avi,Birmingham,2011-01-11
8984,Darci,Marsden,Dresden,2018-07-20
8613,Dagmar,Philoo,Kraków,2012-05-30
766,Doro,Douglass,San José,2003-05-19
7832,Carmela,Lanita,Mérida,2011-07-10
8043,Gerianna,Raama,Papeete,2010-07-18
6705,Roz,Grayce,Malang,2008-04-24
8191,Odessa,Rheingold,Adak,2010-11-02
5817,Basia,Tyson,Tallinn,2004-01-09
8671,Marita,Judye,Dublin,2010-04-22
8901,Brandise,Weaks,Arequipa,2016-03-16
2532,Clo,Rillings,Anadyr (town),2009-12-16
8647,Corry,Creamer,Medellín,2002-09-23
9301,Libbie,Lubin,Novosibirsk,2012-03-19
1864,Shel,Lunsford,Kota Kinabalu,2014-06-12
6378,Priscilla,Winnick,São Paulo,2010-05-19
7714,Fawne,Johnsson,Rochester,2018-07-27
3636,Nicoli,Kalinda,Guwahati,2012-05-31
362,Ofilia,Raffo,Dushanbe,2007-03-13
9831,Ariela,Emanuel,Jakarta,2012-12-11
9981,Darci,Markman,Dushanbe,2014-08-16
4196,Mara,Seessel,Luxembourg (city),2018-06-29
4337,Paola,Danby,Magadan,2015-11-10
7362,Dorthy,Norvol,Liverpool,2002-11-06
9712,Candi,Weinreb,Punta Arenas,2007-01-06
2118,Tomasina,Gemini,Kansas City,2011-02-20
2871,Helsa,Heisel,Yakutsk,2007-05-25
6665,Agathe,Schonfeld,Córdoba,2018-09-16
2472,Harrietta,Jess,Guwahati,2003-10-28
9608,Libbie,Cynar,Dalian,2012-10-28
479,Vonny,Gladstone,Montreal,2005-09-05
4991,Kylynn,Stelle,Nakhon Ratchasima,2005-06-12
7236,Tarra,Jotham,Ilhéus,2007-01-31
287,Magdalena,Niccolo,Mogadishu,2003-02-19
8994,Dyann,Sundin,Luxembourg (city),2004-04-29
8997,Sindee,Alfons,Faisalabad,2004-09-21
6765,Heddie,Gaynor,Fukuoka,2005-04-01
2447,Nicoli,Damarra,Port Elizabeth,2011-03-18
6686,Lynnea,Ruvolo,Regina,2016-08-01
4863,Letizia,Macey,Tehran,2017-06-18
8806,Nataline,Ax,Pristina,2007-11-09
1034,Shaine,Auberbach,Munich,2009-02-17
8703,Rayna,Lumbard,Quetzaltenango,2015-03-19
9479,Moyna,Jagir,Wichita,2002-07-12
3878,Marsiella,Anton,Durango,2009-06-06
306,Janey,Berriman,Maracaibo,2018-07-29
88,Cindelyn,Remmer,Taiyuan,2005-03-17
9237,Caressa,Marlie,Palikir,2017-06-11
5192,Oona,August,Praia,2006-12-29
5930,Winifred,Newell,Calama,2018-10-09
6893,Modestia,Kunin,Petropavlovsk-Kamchatsky,2016-02-28
1902,Gaylene,Toni,Bahía Blanca,2016-01-07
3065,Tomasina,Leonard,Dodoma,2002-09-11
4044,Nonnah,Ferino,Campinas,2016-04-15
9144,Celisse,Lia,Sucre,2008-05-19
8092,Gale,Lowry,Oranjestad,2003-08-10
8533,Lacie,Izaak,Chicago,2005-10-16
3910,Sue,Pernick,Enugu,2018-07-22
7498,Gerrie,Colbert,Surat,2019-12-23
7677,Deedee,Bahr,Quetzaltenango,2013-01-30
6966,Blondelle,Miru,Xining,2014-05-22
5008,Gertrud,Couture,Alor Star,2010-01-24
4834,Andeee,Knowling,Thiès,2018-06-01
1253,Helsa,Ball,Simferopol,2003-10-07
814,Sibella,Romelda,Port Elizabeth,2012-02-25
1296,Cristabel,Gilmour,Adana,2003-10-20
8659,Alie,Ellerey,Majuro,2006-04-13
8150,Ruthe,Swanhildas,Tashkent,2008-05-13
7963,Florencia,Boycey,Bandar Seri Begawan,2016-04-24
6560,Carly,Zina,Kyoto,2010-11-10
6090,Clementine,Yuille,Tartu,2017-12-12
4977,Lenna,Fairweather,Patna,2016-03-20
9751,Rhoda,Saree,Düsseldorf,2011-07-04
4643,Nadine,Oneida,Cairns,2018-12-30
960,Pearline,Juliet,Tegucigalpa,2008-10-23
9771,Raquela,Sandye,Raleigh,2006-10-22
3659,Ariela,Sallyann,Lagos,2016-02-11
3553,Zaria,Read,Koulikoro,2009-04-09
1179,Marnia,Teryn,Harbin,2008-02-25
1714,Dede,Hoenack,Bulawayo,2014-05-11
412,Viki,Bergman,Sucre,2002-01-27
6134,Monika,Ovid,Saint John,2019-06-30
6280,Ida,Sancho,Vienna,2011-04-19
5320,Jacquetta,Markman,Brussels,2002-12-01
7604,Cathyleen,Elisha,Rotterdam,2016-04-07
957,Frieda,Jammal,Nizhny Novgorod,2013-10-27
3706,Emelina,Xerxes,Fairbanks,2014-02-07
610,Xylina,Autrey,Geelong,2005-07-16
8357,Fredericka,Egbert,Almaty,2015-08-17
954,Queenie,Kosey,Antananarivo,2013-04-11
461,Alex,Girardo,São Paulo,2004-08-15
1895,Carlie,Janene,Milwaukee,2006-06-17
1576,Sandie,Faria,Pristina,2005-08-04
2139,Rayna,Judye,Pattaya,2005-01-16
3094,Elsie,Glenden,Alor Star,2017-12-25
464,Bee,Heidt,Cannes,2012-11-15
9632,Arlena,Matthew,Brazzaville,2004-04-10
7694,Rosabelle,Cavan,Okinawa,2017-02-23
9834,Celestyna,Darrell,Seattle,2011-01-04
6690,Farrah,Buckler,Port Louis,2009-06-15
2832,Roxane,Bahr,Santa Cruz de Tenerife,2008-07-25
3297,Janeczka,Buttaro,Timbuktu,2009-12-05
8401,Letizia,Sophronia,Hanoi,2002-09-24
33,Latisha,Allare,Punta Arenas,2008-04-10
9508,Alyssa,Redmond,Strasbourg,2013-09-17
5186,Gaylene,Chrystel,Kuwait City,2008-03-01
4289,Cecile,Ardeha,Miami,2015-02-17
8830,Lonnie,Boehike,Abuja,2017-08-14
164,Sara-Ann,Pearse,Denver,2017-01-08
3294,Britte,Lucienne,Toronto,2013-07-17
5427,Talya,Stav,Caracas,2011-07-06
8789,Verla,Hazlett,Prague,2015-07-09
8801,Gilligan,Cleo,Handan,2013-05-29
6861,Leanna,Bouchard,Makassar,2002-11-29
1071,Tatiania,Marijo,Johannesburg,2008-06-06
8916,Dolli,Raama,Ciudad del Este,2004-09-08
5224,Chickie,Gahl,Yaoundé,2018-11-25
1372,Mallory,Angelis,San Carlos de Bariloche,2016-09-12
9374,Alejandra,Yerkovich,Cebu City,2006-11-14
3585,Farrah,Whittaker,Kolkata,2003-01-03
4532,Georgetta,Kermit,Omsk,2005-02-07
9448,Siana,Aldric,Campo Grande,2007-12-23
8311,Ebonee,Jagir,Cairns,2010-01-20
7006,Carol-Jean,Naor,Ottawa,2007-04-11
7098,Minne,Catie,Gibraltar,2013-12-16
2320,Lesly,Cleo,Ho Chi Minh City,2004-01-14
9643,Leona,Marcellus,Ho Chi Minh City,2004-10-06
8652,Dacia,Kosey,Nakhon Ratchasima,2014-09-14
7883,Aaren,Tamsky,Dongguan,2004-01-21
7773,Di,Margret,Boston,2014-10-26
5026,Constance,Maryanne,Bergen,2011-09-30
3931,Raf,Ackerley,Shillong,2012-03-07
2790,Dorice,Marisa,Tianjin,2015-01-16
6252,Wileen,Pacorro,Naypyidaw,2006-01-06
8585,Janey,Mullane,Samara,2019-03-12
7895,Ottilie,Anton,Maracaibo,2012-08-25
5300,Malina,Christine,Milan,2018-10-19
6045,Cassondra,Emmy,Gold Coast,2011-04-11
2498,Fredericka,Zachary,Hyderabad,2004-08-24
6227,Almeta,Lynn,Mata-Utu,2007-09-10
7346,Nerta,Lissi,Tagbilaran,2006-05-16
8575,Ivett,Alisia,Iquique,2012-02-03
8775,Tori,Travax,Dunedin,2008-12-28
2793,Tabbatha,Bord,Lhasa,2014-08-23
4854,Kylynn,Guildroy,Bucharest,2011-09-15
6467,Augustine,Anderea,Barcelona,2018-05-03
5187,Romona,Parette,Louisville,2018-01-05
5928,Latisha,Zaslow,Busan,2007-07-10
3628,Sadie,Parette,New York City,2010-07-08
8332,Emmey,Hedve,Pittsburgh,2002-11-09
2108,Rochette,Mozelle,Quebec City,2005-08-21
480,Belinda,O'Rourke,Caracas,2008-06-19
5158,Arlena,Lay,Koror,2016-07-08
3800,Bill,Lissi,Skopje,2009-10-25
9963,Albertina,Kamaria,Lviv,2013-08-29
7351,Joceline,Kalinda,San José,2003-10-01
6476,Janis,Fax,Belgrade,2007-02-12
6244,Marcy,Gavrila,Christchurch,2013-01-21
3939,Aurelie,Alejoa,Liverpool,2009-04-22
2213,Clarice,Calhoun,Sapporo,2009-09-19
7189,Alia,Breed,Raleigh,2019-04-23
6727,Jean,Ovid,Forked River,2014-09-07
6495,Marcy,Durante,Malacca Town,2006-05-06
3433,Elise,Bury,Banjul,2018-06-25
5569,Merrie,Diann,Thessaloniki,2011-04-23
2011,Cecile,Gower,Hong Kong,2018-04-27
6402,Darci,Ietta,Mata-Utu,2010-11-01
5769,Genovera,Lucienne,Budapest,2007-04-06
7879,Alexine,Chaing,Antwerp,2016-02-22
4234,Lynnea,Whiffen,Seoul,2019-10-04
2774,Laurene,Robertson,Guatemala City,2019-09-15
2738,Roseline,Heidt,Kinshasa,2002-01-24
6200,Jordan,Warthman,Providence,2007-05-06
4512,Nikki,Naor,Quebec City,2012-03-22
5929,Mariann,Gaspard,Andorra la Vella,2003-04-04
4916,Kellen,Prober,Yellowknife,2003-09-07
8464,Cordi,Madaih,Chihuahua,2011-01-14
5644,Jany,Casimir,Port Elizabeth,2002-03-17
4329,Carmela,Georgy,Kota Kinabalu,2004-12-05
5107,Gaylene,Jehu,Macapá,2016-11-03
9474,Nerta,Libna,Pittsburgh,2018-08-11
1416,Flo,Ruvolo,Funafuti,2002-04-19
2312,Sallie,Andrel,Bursa,2010-04-30
6054,Fernande,Dash,Recife,2004-04-17
438,Vinita,Minetta,Santa Cruz de la Sierra,2013-07-03
7549,Dorthy,Odysseus,Zagreb,2013-05-09
1334,Ingrid,Kronfeld,Forked River,2002-12-03
2306,Corene,Alwin,Nicosia,2015-09-18
6288,Dotty,Alva,Houston,2017-03-25
3290,Ariela,Poll,Fairbanks,2002-02-16
7774,Brynna,Persse,Davao City,2015-03-10
2028,Farrah,Riordan,Suez,2014-02-08
9497,Oralee,Pierette,Rio de Janeiro,2008-11-13
5342,Steffane,Kress,La Serena,2016-04-26
1920,Giustina,Brittani,Dededo,2008-06-16
6252,Gale,Uird,Detroit,2013-02-07
860,Almeta,Aaberg,Douglas,2018-02-25
3246,Ronna,MacIntosh,Kuala Lumpur,2006-11-23
7272,Desirae,Fry,Nakhon Ratchasima,2011-06-17
4477,Vevay,Vivle,Lobamba,2005-12-02
8518,Jinny,Waldron,Yangon,2009-03-28
6737,Kelly,Erskine,Mexicali,2004-10-14
7253,Jessamyn,O'Rourke,Santa Cruz de la Sierra,2011-05-01
7956,Shannah,Donell,Split (city),2007-09-19
5684,Phylis,Lail,Damascus,2008-02-12
114,Cissiee,Maroney,Road Town,2013-08-24
1328,Susette,Gregrory,Forked River,2011-07-14
6490,Rosaline,Weinreb,Cusco,2008-10-23
443,Sidoney,Goerke,Shenyang,2013-11-25
4561,Marleah,Nance,Ashgabat,2005-02-28
1809,Alleen,McLaughlin,Tashkent,2005-10-05
6683,Julieta,Kelula,Charlotte Amalie,2014-10-27
4948,Jean,Anastatius,Assis,2012-01-28
5031,Dennie,Gaynor,Yellowknife,2002-03-17
1016,Sara-Ann,Yoko,San Diego,2002-12-03
9177,Nariko,Barrus,Chiang Mai,2004-12-13
4993,Rozele,Ehrman,Stepanakert,2010-09-18
6228,Danika,Lory,Malang,2017-01-24
8299,Shauna,Ovid,Gothenburg,2014-05-19
478,Di,Donell,Srinagar,2017-07-15
7335,Danika,Cordi,Adak,2005-06-30
5225,Monika,Erminia,Bern,2012-02-04
3158,Iseabal,Nerita,Maracaibo,2004-03-27
7957,Meg,Fosque,Sydney,2015-06-01
7398,Cordi,Penelopa,Manaus,2019-09-04
4144,Dari,Ajay,Turin,2012-07-06
5436,Arlina,Janene,Toronto,2011-11-28
722,Magdalena,Orlene,Stanley,2017-11-16
7186,Atlanta,Quent,Berlin,2006-07-22
1886,Wileen,Horan,Hagåtña,2003-05-20
9653,Brianna,Plato,Turin,2007-06-15
4978,Hayley,Leler,Brisbane,2011-05-03
5177,Berget,Glovsky,Siem Reap,2018-05-01
8543,Nannie,Lilybelle,Munich,2003-12-16
9086,Glynnis,Arne,Los Angeles,2013-02-09
4658,Gilda,Justinn,Blantyre,2006-06-07
7631,Lynde,Hoban,Baku,2009-08-20
1113,Norine,Chesna,Niamey,2006-12-21
5069,Ashlee,Gualtiero,Rabi Island,2011-10-11
7974,Joceline,O'Rourke,Xi'an,2018-12-30
1832,Tori,Madelene,Skopje,2007-03-25
2450,Cordi,Ruvolo,Chişinău,2017-03-28
7043,Dorothy,Marden,Port of Spain,2015-11-24
5637,Wynne,Bahr,Blantyre,2010-12-16
3445,Lesly,Serilda,Belém,2019-07-21
8567,Minda,Winthorpe,City of Halifax,2014-04-19
4701,Bertine,Georgy,Bridgetown,2016-08-03
550,Benita,Belanger,Bogor,2002-03-24
2941,Cathyleen,MacIntosh,Monrovia,2017-04-21
3788,Di,Keelia,Incheon,2004-06-16
1781,Estell,Wu,Abuja,2005-11-18
9735,Madalyn,Stephie,Havana,2010-01-28
4220,Caryl,Loring,Road Town,2013-02-07
2403,Leia,Sasnett,Mogadishu,2007-08-22
9495,Natka,Colp,Baku,2007-06-15
8832,Miquela,Daegal,Bursa,2018-01-29
4255,Tersina,Sidonius,Ürümqi,2005-02-21
3434,Tersina,Podvin,Funafuti,2010-04-28
3974,Sharai,Frendel,Durango,2009-06-07
9049,Mariann,Wyn,Montevideo,2018-02-04
4760,Lauryn,Birdella,Koulikoro,2016-11-29
5150,Karina,Alfons,Charlottetown,2019-07-20
3209,Beatriz,Chandler,Boa Vista,2013-03-21
500,Lisette,Podvin,Shanghai,2015-06-01
7725,Merrie,Neva,Mendoza,2002-08-09
7084,Tracey,Sholley,La Paz,2016-05-27
4442,Carlie,Burch,Cologne,2017-10-06
5223,Perry,Sothena,Chiang Mai,2010-07-17
8165,Clary,Destinee,Kanpur,2013-04-24
9738,Blinni,Jethro,Marrakech,2017-03-25
3424,Letizia,Whittaker,Sukhumi,2005-11-01
7050,Joy,Donell,Kingston,2016-03-07
4156,Hyacinthe,Gunn,Chongqing,2018-12-16
1376,Adelle,Ferino,Toulouse,2008-02-20
4340,Aryn,Minetta,Vilnius,2006-08-20
3925,Selma,Bibi,Porto,2003-10-01
5134,Bee,Joli,Forked River,2004-07-10
4402,Demetris,Mitzi,Funafuti,2017-11-27
1297,Ottilie,Jethro,Simferopol,2005-12-06
2856,Danika,Ackerley,Harbin,2004-04-15
6119,Marita,Fredi,Cebu City,2018-10-11
3499,Jacenta,Alice,Shillong,2003-11-20
7677,Cristine,Calhoun,Málaga,2003-01-10
419,Ericka,Erskine,Hamburg,2016-02-25
7084,Britni,Delila,Timbuktu,2006-08-11
2453,Elfreda,Janith,Johor Bahru,2004-02-17
260,Penelopa,Eldrid,Ibadan,2002-02-14
3500,Ardys,Riva,Colombo,2018-05-24
8930,Anica,Marisa,Nizhny Novgorod,2011-03-25
3321,Ketti,Behre,Los Angeles,2009-06-28
5627,Alleen,Corrine,Suva,2019-05-05
3259,Allyce,Torray,Pyongyang,2015-05-15
6436,Anestassia,Michella,Riyadh,2006-10-17
1015,Lilith,Emanuel,Astana,2012-10-20
9192,Jobi,Felizio,Valletta,2003-12-02
664,Grier,McLaughlin,Fort-de-France,2012-05-04
4350,Annice,Ramona,Belize City,2007-02-07
5740,Bobinette,Chrystel,Namangan,2009-03-19
8983,Noelle,Flyn,Gothenburg,2012-09-18
3219,Melisent,Truc,Peshawar,2013-03-30
4614,Berget,Gino,Kuala Lumpur,2010-12-19
1293,Letizia,Kimmie,Baku,2015-09-22
3863,Flo,Jeanne,Luanda,2014-07-08
8709,Gaylene,Jarib,Luxor,2018-07-10
2600,Morganica,Emerson,Mata-Utu,2016-02-06
974,Shell,Natica,Tunis,2008-01-27
6348,Kimmy,Drisko,Milwaukee,2010-10-25
5546,Marika,Rustice,Munich,2009-04-05
4142,Bernardine,Nester,Belém,2013-03-07
5801,Elbertina,Pip,Ambon,2017-02-16
1145,Dyann,Anis,Hanover,2008-05-05
537,Maryellen,Suanne,Bogor,2018-05-25
8511,Kathy,Mayeda,Birmingham,2014-10-23
5961,Raf,Bouchard,Strasbourg,2014-04-11
1513,Kayla,Schwejda,Wellington,2002-02-10
5613,Jessamyn,Olin,Kota Kinabalu,2011-11-02
3279,Carilyn,Naor,Saskatoon,2015-05-11
3994,Judy,Arvo,Albuquerque,2013-01-28
9646,Gui,Turne,Chennai,2016-06-01
4393,Hallie,Janith,Nuuk,2011-01-02
6063,Violet,Pitt,Lahore,2017-06-14
1591,Carmencita,Infield,Las Palmas de Gran Canaria,2017-03-31
13,Amara,Noam,Vaduz,2009-08-30
4996,Charlena,Girardo,Guadalajara,2015-06-06
7709,Fanchon,Eckblad,Tashkent,2019-08-13
4596,Neila,Janene,Porto,2009-08-05
9877,Juliane,Hylan,Dallas,2013-12-05
505,Annora,Allys,Malé,2006-01-11
1137,Olwen,Bronk,Taiyuan,2005-03-12
1364,Lila,Bennie,Medan,2015-12-23
8731,Gui,Rolf,Paramaribo,2008-01-14
7212,Sam,Lanita,Seattle,2012-11-29
8706,Vere,Dowski,Ambon,2012-04-03
9485,Amelia,Bivins,Andorra la Vella,2015-08-25
1360,Gratia,Reneta,Dublin,2009-02-28
2274,Dotty,Dorcy,Manila,2006-02-02
7383,Pierette,Hoban,Strasbourg,2013-05-07
4908,Frances,Nedrud,Monterrey,2007-05-23
6202,Philis,Leler,Dunedin,2014-09-10
2976,Regina,Seligman,Milwaukee,2018-07-10
2066,Nonnah,Saint,Lyon,2004-07-25
7335,Taffy,Brackely,Bergen,2014-06-30
9435,Kellen,Howlyn,Ulan Bator,2005-07-23
647,Eve,Ulphia,Qingdao,2016-05-05
3223,Donetta,Adlare,Magadan,2013-01-14
1750,Kara-Lynn,Belldas,Kota Kinabalu,2009-08-28
5013,Edith,Wooster,Norilsk,2008-11-26
4077,Maridel,Rodmann,Kingstown,2005-07-20
7098,Ariela,Remmer,Rio de Janeiro,2010-08-08
1470,Marinna,Trey,Okinawa,2004-10-12
5470,Celestyna,Wattenberg,Livingstone,2002-05-25
9927,Magdalena,Niles,Minneapolis,2004-12-06
4671,Ashlee,Hortensia,Nice,2012-05-13
8098,Mamie,Henrie,Riga,2011-08-21
3865,Binny,Egbert,Macau,2008-12-18
8526,Leona,Sisile,Graz,2010-02-25
8274,Kathy,Scammon,Cannes,2006-01-29
4408,Merrie,Schonfeld,Nagoya,2018-05-07
1989,Jennica,Longfellow,Detroit,2004-01-10
1258,Silvana,Lutero,Kota Kinabalu,2019-11-24
7361,Flo,Berl,Kaliningrad,2011-11-25
482,Di,Codding,Asmara,2010-07-14
2961,Rosabelle,Wolfgram,Gold Coast,2007-09-02
8691,Gerrie,Bahr,Lucknow,2003-10-01
9891,Merci,Rheingold,Batticaloa,2007-01-19
8908,Ilse,Bakerman,Amman,2018-12-27
4460,Helena,Imelida,Simferopol,2019-04-17
9729,Raina,Kronfeld,Tirana,2002-11-19
5217,Meghann,Emmaline,Surabaya,2019-07-07
8075,Karly,Alejoa,Almaty,2007-08-23
2247,Paule,Bevin,Suva,2009-10-23
8058,Jaime,Peti,Dubai,2006-06-22
5520,Marline,Drus,Melbourne,2009-04-04
2047,Karly,Nikaniki,Baltimore,2016-02-07
3252,Babita,Frendel,Lima,2006-10-13
4050,Blinni,Dorine,Kraków,2012-05-22
8304,Dede,Colp,San José,2015-04-24
5402,Farrah,Nadia,Shenzhen,2016-01-16
4693,Steffane,Kazimir,Surat,2006-09-20
8980,Reeba,Uird,Lviv,2014-02-05
6630,Dari,Vary,Zhengzhou,2018-06-26
6195,Cherilyn,Parette,Karachi,2015-07-10
9063,Robinia,Darian,Stanley,2010-01-17
1792,Adore,Mendez,Sydney,2014-01-16
2593,Genovera,Voletta,Christchurch,2011-07-22
6727,Eadie,Urias,Miri,2015-04-10
8356,Sashenka,Tippets,Koror,2016-05-07
6462,Sibella,Ruvolo,Hai Phong,2012-11-20
4259,Janenna,Jerold,Banjul,2007-03-11
8356,Robinia,Fosque,Ibiza,2009-08-17
721,Bee,Jess,Cuiabá,2018-11-02
8076,Margalo,Ursulette,Toronto,2005-06-05
3332,Tina,Chapland,South Tarawa,2018-08-09
9304,Mathilda,Joseph,Praia,2015-12-28
1520,Linet,Revkah,Adamstown,2007-12-22
5843,Rayna,Hull,Incheon,2003-01-03
2456,Myriam,Yusuk,Hangzhou,2014-11-14
5546,Jemie,Sperling,Harare,2002-05-27
5476,Cathyleen,Zetta,Ljubljana,2007-01-08
59,Brynna,Cohdwell,Quetzaltenango,2009-06-09
7797,Carree,Plato,Riga,2002-06-07
1257,Zia,Papageno,Montreal,2019-08-28
399,Alex,Turne,Omdurman,2015-07-09
3335,Gerrie,Gibbeon,Abu Dhabi,2012-09-03
4662,Dagmar,Brieta,Livingstone,2013-03-03
4434,Adelle,Codding,St. George's,2012-12-11
9653,Nariko,Noam,Port of Spain,2018-04-26
9290,Candi,Viddah,Maracaibo,2006-02-01
5609,Jobi,Dominy,Aberdeen,2013-09-16
1394,Corly,Wenda,Chişinău,2005-03-05
8143,Amara,Vale,Seoul,2015-07-03
8843,Elyssa,Philoo,Charlottetown,2012-10-23
1815,Helsa,Rurik,Nagoya,2012-03-29
7519,Kassey,Tufts,Phoenix,2004-08-04
4076,Queenie,Phi,Ushuaia,2014-09-03
1320,Marcy,Deegan,Chişinău,2016-04-30
1722,Bibby,Secrest,Ho Chi Minh City,2016-10-28
1288,Sheelagh,Margarete,Beirut,2012-07-24
8905,Goldie,Bord,Bahía Blanca,2004-03-25
2955,Petronia,Candy,Zanzibar City,2014-11-22
8819,Shell,Edmund,Rabi Island,2003-01-01
7030,Pollyanna,Stephie,Fort-de-France,2014-06-26
6929,Vita,Lilas,Vientiane,2011-10-02
218,Lorie,Cleavland,Taipei,2010-07-30
3923,Sue,Center,Madrid,2013-06-24
3000,Madalyn,Whittaker,Vancouver,2015-06-11
2934,Odessa,Serilda,Xi'an,2019-04-23
2788,Sallie,Laverne,Bulawayo,2014-08-18
3783,Arabel,Sammons,Liverpool,2018-03-11
5409,Frances,Rosette,Omsk,2017-02-02
2759,Rayna,Karl,N'Djamena,2018-01-22
5653,June,Lynn,Anadyr (town),2008-08-15
2725,Bettine,Cornelia,Hong Kong,2005-08-18
8901,Elvira,Bettine,Aberdeen,2006-05-09
2067,Basia,Avi,Bissau,2009-10-06
9768,Andree,Bronk,San Carlos de Bariloche,2010-12-13
9324,Melodie,Adalbert,Malang,2007-07-23
7840,Aubrie,Tamar,Cartagena,2012-09-17
4926,Rosabelle,Gordon,Seoul,2008-01-31
1544,Tracey,Nicoline,Willemstad,2013-08-18
6868,Gwyneth,Gordon,Vancouver,2009-11-24
7443,Pearline,Gahl,Palikir,2008-03-24
3457,Luci,Lewes,Kobe,2010-03-25
4172,Mignon,Tillford,Nukuʻalofa,2007-11-08
7213,Heddie,Pitt,Manila,2006-11-12
5350,Shirlee,Giff,Charlottetown,2008-09-30
1368,Gretal,Seumas,Sitka,2015-05-15
8235,Chloris,Candy,Hamilton,2010-10-18
3301,Berget,Malvino,Palma,2011-12-06
7934,Ernesta,Marlie,Avarua,2018-09-27
9584,Romona,Yerkovich,Veracruz,2007-04-08
821,Inga,Heisel,Hong Kong,2008-05-01
8148,Mildrid,Mayeda,Medan,2008-11-01
3662,Kristan,Douglass,George Town,2016-03-10
48,Rani,Greenwald,Baku,2003-09-24
9867,Ketti,Gwenore,Libreville,2015-10-10
3509,Wynne,Stilwell,Kuching,2002-02-27
4202,Nadine,Rurik,South Tarawa,2017-05-04
4381,Evaleen,Kendrick,Bahía Blanca,2017-05-18
1998,Alie,Baudin,Ottawa,2018-05-12
7231,Maye,Doig,Yangon,2015-10-21
7857,Ida,Isacco,Monrovia,2013-07-04
4903,Paola,Wadell,Oklahoma City,2019-11-24
3306,Augustine,Ahab,Dakar,2016-06-10
9892,Karena,Flita,Helsinki,2012-03-24
1131,Goldie,Lauraine,Rabat,2018-08-29
6653,Lanae,Neils,Valencia,2019-10-12
7628,Gwenneth,Rurik,St. George's,2011-04-19
8844,Selia,Campball,Nagoya,2005-05-19
5500,Roslyn,Toor,Pago Pago,2019-10-17
6187,Nannie,Maxi,Vatican City,2006-06-15
4150,Claudina,Clywd,Perm,2015-01-30
2814,Nita,Izaak,San Carlos de Bariloche,2013-09-16
324,Helena,Yusuk,Ürümqi,2002-11-18
3538,Paule,Clie,Harbin,2006-05-02
988,Lilith,Anton,Portland,2016-11-24
1176,Shell,Kravits,Tskhinvali,2002-02-24
1275,Fernande,Sophronia,Pune,2013-10-25
3397,Cyb,Sadowski,Multan,2016-10-21
671,Jinny,McCutcheon,Johor Bahru,2008-11-08
9435,Katharina,Charity,Gothenburg,2009-04-29
4286,Laure,Hepsibah,Quetzaltenango,2002-03-07
1781,Andree,My,Pontianak,2003-11-01
9689,Gui,Toffic,Tunis,2006-02-25
2099,Karena,Diogenes,Turin,2011-09-02
6883,Alisha,Hollingsworth,San Diego,2015-01-28
74,Marcy,Burkle,Peshawar,2012-03-24
1474,Moyna,Raychel,Dodoma,2002-11-18
3851,Katuscha,Emanuel,Sri Jayawardenapura-Kotte,2017-07-30
7547,Katharina,Raffo,Hobart,2011-03-28
6231,Corry,Euridice,Gaziantep,2015-12-18
6185,Ana,Nadia,Suez,2013-01-07
6914,Cathie,Jeanne,Huế,2003-06-07
6874,Donnie,Liva,Hargeisa,2016-03-27
4917,Rhea,Atcliffe,Whitehorse,2009-12-29
5141,Meriel,Urania,Bratsk,2019-10-05
6196,Camile,Henebry,Hiroshima,2019-10-26
1890,Hyacinthe,Jorgan,Arbil,2006-09-12
6914,Vanessa,Flita,Manzini,2014-08-05
1348,Zia,Lenny,Calama,2008-04-26
1124,Alia,Behre,Serekunda,2013-05-12
3989,Roz,Girardo,Tbilisi,2008-10-20
5196,Vonny,Anderea,Wollongong,2007-01-20
8475,Ottilie,Cecile,Vatican City,2006-06-19
4932,Janenna,Schroth,Taipei,2009-09-21
954,Sheree,Anyah,Stepanakert,2007-08-14
6767,Karlee,Sandye,Tabriz,2004-04-08
8620,Kristina,Wareing,Dededo,2010-12-05
850,Melina,Phi,Oslo,2008-06-26
142,Desirae,Odell,Vaduz,2011-08-15
3021,Marika,Florina,Birmingham,2005-12-03
1659,Tersina,Medrek,Valdivia,2009-06-27
8752,Tiffie,Ochs,Yekaterinburg,2012-03-18
1650,Florencia,Muriel,Semarang,2013-03-18
9718,Jan,Wilona,Thessaloniki,2019-04-22
145,Leona,Afton,Baghdad,2008-03-08
4093,Lorne,Moina,Aberdeen,2003-06-17
8565,Sharai,Raul,Aarhus,2008-10-27
9009,Jasmina,Karl,Montevideo,2008-08-18
2095,Kenna,Fiester,Dallas,2005-03-15
1955,Dorthy,Burnside,Luanda,2016-10-10
4945,Shell,Kenwood,Barcelona,2011-11-27
9962,Jordan,Ivens,New Delhi,2010-09-29
5595,Kalina,Constancy,Miri,2013-04-29
7418,Cathyleen,Killigrew,Suez,2006-09-08
3937,Jenda,Kare,Asunción,2016-11-03
2357,Constance,Arquit,Baku,2013-01-09
7808,Briney,Dearborn,Juneau,2010-11-02
8082,Jean,Sheedy,Pelotas,2013-01-19
2171,Lelah,Plato,Tampa,2004-06-18
2904,Merry,Darian,Pekanbaru,2012-03-10
1750,Chloris,Maribeth,Dubai,2007-03-19
5578,Lizzie,Kat,Kinshasa,2006-08-26
9697,Lacie,Trinetta,Boa Vista,2013-04-14
6972,Jacquetta,Madox,Kandy,2002-09-09
6470,Jany,Lilas,Baku,2009-09-22
6198,Giustina,Masao,Maputo,2009-06-20
5907,Elise,Catie,Valparaíso,2003-12-12
3920,Rebeca,Marsden,Kanpur,2010-08-22
1088,Oralee,Maurine,Seattle,2011-08-04
2011,Melina,Krystle,Port of Spain,2012-11-19
1905,Mary,Fitzsimmons,Chennai,2009-10-08
9123,Clo,Pond,Athens,2006-01-18
6835,Alyssa,Dalli,Taichung,2017-03-31
860,Caryl,Bearnard,Nanjing,2017-08-04
4124,Magdalena,Wilkinson,Jaipur,2002-10-16
7808,Cacilie,Kellby,Nagpur,2010-04-16
1562,Sashenka,Barbey,Cayenne,2012-11-29
4897,Henriette,Gilbertson,Bulawayo,2010-05-21
4677,Monika,Nahum,Serekunda,2015-03-12
1794,Lelah,Levey,Hamilton,2016-09-26
9178,Bernie,Adlare,Medellín,2011-10-23
9595,Linzy,Crudden,Memphis,2005-01-15
6332,Priscilla,Ahab,Accra,2013-03-24
2780,Jolyn,Silvan,Tianjin,2013-06-21
315,Lauryn,Lilas,Valencia,2008-12-01
3796,Dorene,Casimir,Strasbourg,2015-04-30
961,Pearline,Delacourt,Santa Cruz de Tenerife,2018-09-16
7987,Luci,Han,Tartu,2012-09-14
8177,Karina,Chesna,Cairo,2007-06-27
956,Alameda,Graig,Toronto,2016-04-03
3493,Joy,Bach,Alor Star,2017-08-27
639,Merle,Maurine,Bratsk,2016-10-14
9156,Tilly,Mich,Gold Coast,2011-07-31
8353,Talya,Johnsson,Aberdeen,2009-02-20
6409,Kathi,Longfellow,Bishkek,2005-06-07
2507,Constance,Shuler,Dededo,2006-04-03
6323,Regina,Ilka,Monterrey,2016-06-16
6396,Ekaterina,Darian,Bloemfontein,2006-08-16
4353,Courtnay,Moseley,Calama,2014-09-30
4163,Myriam,Wolfgram,Lisbon,2013-11-25
2000,Cissiee,McClimans,Abidjan,2011-01-20
1072,Rivalee,Lory,Valletta,2010-05-14
2217,Kristan,Alexandr,Boston,2011-08-28
1831,Ronna,Alva,Chennai,2012-11-13
558,Rosanne,Ahab,Sapporo,2008-07-13
6055,Kore,Jillane,Bulawayo,2017-11-10
9128,Gwyneth,Tacye,Porto Alegre,2006-10-29
6344,Aryn,Joachim,Tampa,2003-03-27
3637,Viki,Andrel,Sydney,2005-10-19
3225,Clo,Fancie,Miami,2004-10-11
9515,Ezmeralda,Plato,Athens,2006-10-11
9320,Nataline,Donoghue,Campo Grande,2009-09-18
5906,Winifred,Heidt,Lagos,2017-03-31
4914,Atlanta,Barbey,Port Vila,2012-11-30
9734,Emma,Ramona,Cockburn Town,2009-07-24
9954,Cindelyn,Read,Macapá,2003-08-04
8547,Jorry,Carolin,Yekaterinburg,2010-05-24
2296,Katuscha,Skell,Porto Alegre,2005-03-19
1666,Althea,Robertson,Muscat,2017-09-24
2910,Glynnis,Dahlia,Kabul,2014-11-18
5109,Celestyna,Connelly,Glasgow,2012-04-22
6586,Kenna,Oster,Almaty,2013-11-17
3759,Michaelina,Bebe,Cebu City,2010-02-02
9889,Jorry,Maryanne,Macau,2009-08-30
8546,Morganica,Rona,Albuquerque,2016-04-07
634,Caryl,Hoenack,Sapporo,2018-05-20
7571,Andree,Concha,Banda Aceh,2005-06-28
1893,Gloria,Ferino,Tucson,2003-11-14
5030,Robbi,Corrine,Belgrade,2012-03-11
4537,Mariann,Delacourt,Charlottetown,2018-12-16
1210,Pearline,Christal,Kiev,2010-07-23
4730,Roz,Kannry,Regina,2014-06-20
25,Briney,Gale,Busan,2005-04-19
7367,Amalie,Elsinore,Koror,2018-10-29
955,Viki,Gusella,Saipan,2012-11-24
8170,Drucie,Daveta,Dublin,2002-03-11
2458,Tersina,Elephus,Sri Jayawardenapura-Kotte,2012-05-23
2250,Natka,Hedve,Algiers,2002-09-22
3614,Arlina,Rheingold,Chiang Mai,2009-05-12
5265,Amara,Heidt,San Juan,2008-07-20
4667,Vere,Leonard,Shenyang,2012-09-28
4252,Emmey,Sadowski,Mandurah,2012-12-03
8979,Pamella,Valoniah,Mwanza,2016-04-19
6435,Ivett,Crudden,Adak,2004-01-20
7122,Brandise,Kauppi,Norilsk,2013-01-08
4660,Maye,Vivle,Casablanca,2005-10-04
6304,Letizia,Percy,Suez,2015-06-12
7853,Wynne,Vittoria,Adak,2010-04-09
9479,Thalia,Lareena,Hanover,2017-04-04
7264,Keelia,Kendrick,Albuquerque,2008-09-12
852,Mignon,Agle,Indianapolis,2003-12-03
5929,Xylina,Justinn,Davao City,2014-04-12
5190,Vere,Georgy,Patna,2017-07-29
289,Rochette,Verger,Charlottetown,2006-11-23
5613,Annaliese,Garbe,Indianapolis,2003-10-10
8730,Kathy,Berriman,Kuching,2017-01-05
2298,Flo,Lymann,Iloilo City,2014-11-10
3539,Rochette,Sasnett,Bucharest,2009-07-05
5186,Dorene,Kirbee,Kyoto,2017-06-06
9032,Viki,Engdahl,Multan,2017-11-21
4567,Lisette,Urias,Santa Cruz de Tenerife,2011-10-06
3123,Aubrie,Noman,Dammam,2006-08-07
794,Rivalee,Natalia,Palma,2003-05-22
3545,Adriana,Minetta,Arbil,2010-05-01
2535,Emmey,Alabaster,Nicosia,2012-04-16
4419,Shaine,Aurelio,Vitória,2018-10-08
7191,Alleen,Ferrell,St. George's,2017-10-22
3556,Ethel,Anderea,Macau,2012-07-03
809,Dorene,Reinke,Curitiba,2013-01-02
8985,Anestassia,Cimbura,Maputo,2005-12-07
6336,Goldie,Vivle,Belmopan,2006-07-13
7386,Sheelagh,Konyn,Sucre,2017-01-12
2828,Mureil,Faso,Fortaleza,2017-08-31
1368,Blake,Gillan,Cartagena,2014-09-16
3994,Blake,Goldina,Bandung,2003-05-10
9939,Ingrid,Malvino,Seville,2011-12-04
6311,Micheline,Voletta,Bandung,2005-07-26
9270,Elsie,Longfellow,La Paz,2006-08-19
2370,Jackie,Sherrie,Boa Vista,2015-09-09
8549,Nadine,Curren,Ankara,2002-03-06
1391,Adore,Vernier,Palikir,2003-04-10
8778,Johna,Wesle,Mogadishu,2019-10-07
6508,Correy,Soneson,Apia,2012-06-12
5626,Dulce,Radu,Milan,2012-07-11
3191,Flo,Nickola,Nagpur,2017-04-10
4701,Kate,Eno,Abidjan,2010-10-03
6251,Sherrie,Aprile,Guwahati,2003-07-19
3845,Pierette,Bonucci,Auckland,2008-11-23
327,Rosabelle,Olnee,Barranquilla,2013-05-26
2181,Ardeen,Birdella,Ankara,2017-03-16
86,Britte,Wattenberg,Barranquilla,2018-02-05
2814,Feliza,Emmaline,Manila,2009-12-27
5007,Jessamyn,Maxi,Medan,2003-07-17
7720,Trixi,Wyn,George Town,2010-03-04
4258,Tobe,Jillane,Nagoya,2013-10-20
3590,Lulita,Skell,Geelong,2012-01-02
5849,Tressa,Hanshaw,Albuquerque,2017-05-21
7462,Ana,Croix,Strasbourg,2005-04-10
1720,Patricia,Lorain,Toulouse,2004-02-26
4182,Ida,Albertine,Zapopan,2019-06-14
4747,Berget,Harl,Thiès,2017-06-18
8665,Steffane,Iaverne,Managua,2017-05-31
7385,Candy,Wyn,Athens,2004-12-04
3622,Reeba,Chick,Petropavlovsk-Kamchatsky,2004-12-21
8003,Aigneis,Kevon,Bahía Blanca,2004-06-20
8312,Gusella,Rubie,Bissau,2007-08-28
9121,Annabela,Ilka,Maceió,2014-12-22
221,Wilma,Alexandr,Munich,2003-10-09
2412,Loree,Maples,Harbin,2014-07-27
5684,Lesly,Harned,Fukuoka,2010-09-19
9632,Doro,Daegal,Arbil,2004-11-20
4166,Amii,Brian,Guangzhou,2015-11-10
3383,Annice,Demitria,Canberra,2004-10-21
2979,Corly,Stilwell,Sukhumi,2019-03-17
9122,Tami,Hedve,Chennai,2016-10-18
1180,Belinda,Arley,Lanzhou,2015-05-15
260,Dede,Belldas,Cusco,2015-02-05
4956,Fayre,Raama,Riverside,2019-09-01
5493,Daune,Amadas,Milwaukee,2004-02-13
4231,Donnie,Blisse,Pago Pago,2007-03-30
5095,Lynea,Alarise,Dammam,2011-09-08
9951,Xylina,Voletta,Anchorage,2008-07-22
3012,Rhoda,Emanuel,Turin,2003-11-06
8917,Hallie,Anastatius,Perm,2006-10-02
4941,Jaclyn,Thema,Anchorage,2004-06-02
2971,Talya,Gavrila,Manama,2009-08-17
9152,Alexine,Ricki,Lusaka,2006-11-10
5116,Iseabal,Zitvaa,Mumbai,2015-01-16
4725,Shell,Chrystel,Indianapolis,2015-09-23
3147,Berta,Madaih,Mandurah,2004-08-31
1937,Jacquetta,Lory,Bangalore,2015-06-26
8257,Tiffie,Raseda,Bucharest,2014-08-20
3200,Merle,Fleeta,Nassau,2004-06-10
4889,Edyth,Corilla,Louisville,2005-10-06
2179,Jeanna,Michella,Ljubljana,2018-04-16
2823,Regina,Simmonds,Kobe,2019-08-24
5167,Hayley,Lanita,Luxor,2014-08-01
5882,Codie,Darrell,Minneapolis,2006-06-02
8713,Eve,Destinee,Dakar,2009-09-11
876,Maryellen,Kauppi,Makati City,2012-02-06
2319,Damaris,Shields,Abuja,2013-07-17
8774,Drucie,Norvol,Iquique,2010-05-28
8131,Shandie,Brodench,Pristina,2009-03-18
1888,Althea,Iiette,Koulikoro,2014-04-12
4465,Doro,Tippets,Austin,2016-10-22
3387,Bernie,Persse,Lahore,2016-08-08
4449,Halette,Oscar,Salt Lake City,2012-09-03
8938,Rosanne,Prouty,Antwerp,2012-06-27
8079,Kenna,Glovsky,Madrid,2014-07-18
8054,Averyl,Randene,Timbuktu,2006-05-11
2219,Carly,Roarke,Seoul,2019-09-19
3460,Doro,Magnolia,Leeds,2013-05-22
6185,Beatriz,Ciro,Saint Petersburg,2007-10-15
9203,Carol-Jean,Burch,Wuhan,2010-07-22
2705,Wileen,Karl,Casablanca,2013-11-14
1482,Augustine,Nance,Nukuʻalofa,2007-04-14
1565,Annora,Hachmin,Makassar,2015-06-21
2645,Yvonne,Pulsifer,Glasgow,2006-03-24
9939,Lizzie,Cullin,Oranjestad,2003-10-22
520,Nyssa,Shama,Málaga,2008-06-30
3676,Merry,Wyn,Dakar,2007-10-04
5619,Ann-Marie,Macey,Sukhumi,2003-04-03
6472,Anthia,Brady,Tampa,2017-05-19
7076,Malina,Margret,Maracaibo,2012-01-13
1726,Cristine,Hazlett,Auckland,2019-10-06
1896,Jean,Vilma,Pontianak,2006-09-28
4351,Melisent,Charmine,Buffalo,2004-08-29
7841,Kimmy,Naashom,Saint Petersburg,2006-01-02
2866,Ebonee,Claudine,Valencia,2015-05-04
2638,Anica,Elvyn,Yellowknife,2010-05-23
5640,Inga,McCutcheon,Ürümqi,2008-06-30
6296,Evaleen,Stephie,Tartu,2013-09-23
5575,Robbi,Delila,Jaipur,2014-05-03
8131,Jackie,Bethany,Sapporo,2019-06-25
7485,Bertine,Elbertina,Budapest,2008-01-26
8683,Modestia,Joli,Kolkata,2010-09-20
1632,Pierette,Melleta,Regina,2016-12-13
4750,Sharai,Carri,Medina,2016-12-04
1725,Aimil,Ries,Kuching,2018-12-08
8408,Yvonne,Leonard,Christchurch,2007-01-29
6831,Shirlee,Seligman,Manama,2003-03-21
2171,Gisela,Iphlgenia,Dodoma,2013-03-11
5472,Georgetta,Raul,Charlottetown,2015-11-21
9370,Dania,Garek,Canberra,2019-09-11
4455,Christy,Armanda,Louisville,2012-02-28
7373,Netty,Verger,New Delhi,2018-12-17
2098,Annice,Yoko,Hyderabad,2010-03-14
1659,Allis,Cimbura,Saint-Pierre,2003-12-26
8790,Ellette,Demitria,Guatemala City,2013-09-01
1947,Nicoli,Phi,Boston,2010-04-16
3561,Brooks,Laverne,Frankfurt,2009-06-20
1820,Aurelie,Laurianne,Nukus,2019-07-08
5182,Rosabelle,Delila,Dar es Salaam,2016-12-16
118,Katuscha,Ezar,Campinas,2006-06-10
6388,Annora,Arathorn,Charlotte Amalie,2010-08-29
8965,Marline,Woodberry,Moscow,2012-07-09
8495,Ezmeralda,Buckler,La Paz,2014-10-05
5178,Robbi,Rhu,Palma,2005-04-14
4219,Jean,Carmena,Douala,2013-04-19
3887,Meghann,Wittie,Ulan Bator,2009-02-20
9840,Jasmina,Madelene,Cuiabá,2003-02-13
6707,Binny,Wildermuth,Majuro,2004-10-31
8024,Di,Land,Suez,2004-01-26
403,Mathilda,Prouty,Malang,2005-03-06
9581,Johna,Kiyoshi,Okinawa,2004-02-11
6131,Ann-Marie,Gabrielli,Asmara,2013-05-18
8115,Gusty,Natica,Tashkent,2006-07-31
7190,Tarra,Gemini,Naypyidaw,2016-10-23
2913,Fayre,Rudolph,Milwaukee,2009-01-16
9805,Kenna,Cohdwell,Busan,2018-04-20
3819,Leeanne,Suzetta,Pune,2016-10-21
8219,Agathe,Chandler,Brasília,2018-10-02
748,Ursulina,Wilkinson,Chengdu,2013-07-14
7006,Jaclyn,Mitzi,Bissau,2004-05-22
25,Steffane,Gunn,Damascus,2017-05-16
9537,Deloria,An,Bahía Blanca,2007-08-03
6221,Anallese,Bronk,Chongjin,2006-02-18
6235,Mallory,Lissi,Salzburg,2010-08-21
7356,Elise,Viddah,Karachi,2012-07-06
5274,Kaia,Slifka,Pontianak,2014-04-07
1501,Clementine,Codding,Adana,2014-08-26
3916,Emma,Dulciana,Chiang Mai,2019-10-15
3693,Valeda,Jenness,Ulan Bator,2019-04-19
2785,Kelly,Haldas,Valencia,2015-10-01
8449,Chere,Ajay,Tijuana,2014-09-05
8634,Maye,Vastah,San Juan,2013-05-13
5830,Jillayne,Leonard,Chongjin,2017-11-29
4408,Dorene,Leffen,Cusco,2011-09-15
7273,Blinni,Malvino,Regina,2003-03-26
2491,Adelle,Tamsky,Brussels,2019-07-26
800,Modestia,Wiener,Niamey,2018-07-19
1819,Modestia,Oneida,Tartu,2002-11-29
8602,Etta,Cosenza,Dunedin,2014-10-03
1978,Lauryn,Brian,Tallinn,2019-04-26
3752,Violet,Weitman,Conakry,2010-11-15
3987,Norine,Chick,Wellington,2002-04-05
583,Ilse,Gaulin,Iquitos,2014-01-06
1622,Betta,Woodberry,Kobe,2018-04-17
7328,Regina,Vastah,Nizhny Novgorod,2009-12-02
7400,Fidelia,Chobot,Saint John,2005-04-16
7063,Magdalena,Hanleigh,Batticaloa,2010-02-04
309,Dulce,Moina,Pelotas,2005-08-26
9007,Tersina,Zaslow,Manama,2008-02-01
1194,Libbie,Sparhawk,Roseau,2009-12-02
1258,Pamella,Riordan,Nairobi,2003-02-01
3021,Bettine,Pacorro,Cusco,2004-05-27
8586,Chrystel,Hebner,Jacksonville,2002-11-07
9830,Carree,Lauraine,Guwahati,2010-10-14
8780,Aurore,Vorster,Winnipeg,2007-07-15
4272,Eve,Timon,Yaoundé,2009-02-26
2740,Leona,Boycey,Fort-de-France,2005-04-01
5871,Myriam,Marisa,Yamoussoukro,2017-01-25
1620,Lorenza,Montgomery,Macau,2019-12-20
128,Ethel,Santoro,Calgary,2003-01-19
6839,Inga,Erb,Pago Pago,2004-09-08
7194,Alyssa,Stilwell,Cape Town,2009-11-24
448,Margette,Florina,Bern,2009-05-20
1265,Dyann,Aldric,Cork (city),2009-04-15
1276,Claresta,Bonucci,Mexico City,2017-09-29
1416,Nollie,Letsou,Kuching,2003-05-01
6937,Robinia,Kat,Nassau,2005-02-13
9209,Chloris,Dosia,Mexicali,2005-02-24
7242,Paulita,Kellby,Hobart,2014-12-18
1590,Meghann,Hessler,Tórshavn,2017-09-13
988,Mady,Candy,Nice,2003-02-14
1717,Anallese,Annice,El Aaiún,2016-03-26
7447,Sadie,Ophelia,Tirana,2007-02-09
4454,Mahalia,Delacourt,Tiraspol,2014-09-04
8307,Deane,Girardo,Enugu,2011-02-15
3279,Orsola,Gabrielli,Konya,2012-12-19
4626,Vonny,Tannie,Kuala Lumpur,2008-04-14
5042,Angela,Oriana,Port Louis,2017-04-26
524,Danika,Sallyann,Murmansk,2013-03-09
7615,Karly,Rolf,Srinagar,2004-05-15
48,Marleah,Freddi,Panama City,2004-09-15
918,Edith,Morehouse,Melekeok,2008-01-20
3341,Renae,Tufts,Sydney,2006-02-02
9414,Katuscha,Idelia,Nicosia,2005-03-06
3951,Amii,Paton,Port of Spain,2013-08-28
8631,Lizzie,Weaks,San Fernando,2019-09-15
3711,Danika,Seumas,New Delhi,2013-01-08
8981,Robinia,Riordan,Charlotte Amalie,2010-01-06
2570,Misha,Bergman,Lahore,2013-09-10
1065,Alleen,Kesley,Detroit,2005-09-05
8008,Neila,Eno,Douala,2009-10-23
1068,Berta,Cyrie,Cannes,2011-10-10
9444,Sidoney,Morgun,Mecca,2002-05-16
7217,Dorothy,Kirbee,Berlin,2004-08-20
9540,Lilith,Hilbert,Shigatse,2016-10-30
7064,Lynde,Cookie,Porto Velho,2009-12-15
1770,Kylynn,Raul,Kyoto,2018-10-27
742,Judy,Jarib,Abu Dhabi,2012-10-29
6262,Rivalee,Tice,Samara,2005-03-13
6174,Corina,Raseda,Sabha,2007-07-06
4329,Dianemarie,Kathie,Ilhéus,2007-02-23
9602,Morganica,Ariella,Bergen,2002-11-12
3697,Willetta,Norvol,Rockhampton,2002-12-30
7486,Ardenia,Moseley,Concepción,2007-05-07
3310,Jacquetta,Harday,Lagos,2019-09-26
8501,Judy,Mozelle,Cairns,2009-02-03
7094,Allis,Erminia,Mexico City,2012-02-16
5723,Arlina,Colyer,Iqaluit,2007-03-27
1137,Fanchon,Tacye,Nouakchott,2014-04-10
2582,Sheree,Rad,Shenzhen,2008-08-14
6098,Ninnetta,Payson,Ho Chi Minh City,2002-12-12
1189,Wileen,Terrence,Munich,2014-08-17
70,Meg,Mott,Fukuoka,2005-01-25
2994,Elora,Bryna,Kingstown,2014-04-04
7698,Dyann,Kinnard,Tijuana,2017-04-09
6817,Fina,Arathorn,Nagoya,2004-08-19
7226,Lila,Quent,Odessa,2018-06-30
4347,Marcelline,Kinnard,Yamoussoukro,2005-06-17
873,Candi,Chesna,Oranjestad,2017-04-26
5890,Alia,Girardo,Agartala,2005-12-15
7663,Charissa,Lail,Siem Reap,2007-10-16
2848,Elie,Leler,Nakhon Ratchasima,2005-05-13
1078,Orelia,Ulphia,Vilnius,2007-04-14
9801,Dede,Therine,Colombo,2013-09-08
6727,Randa,Brian,Enugu,2017-05-28
3250,Cindelyn,Kesley,George Town,2003-04-05
1597,Carolina,Jerold,Jinan,2007-09-19
6561,Nicoli,Nickola,Gaza,2016-12-06
4206,Shandie,Bergman,Srinagar,2016-03-15
4859,Romona,Horan,Pyongyang,2016-02-11
3421,Correy,Laverne,Blantyre,2014-02-13
3769,Larine,Gilbertson,Alexandria,2007-10-12
960,Aigneis,Cressida,Zürich,2005-08-01
9716,Rubie,Ricki,Aberdeen,2015-04-30
3803,Elyssa,Maryanne,Shillong,2016-10-28
7539,Devina,Christine,Munich,2014-05-31
6686,Gusella,Skurnik,Kandahar,2018-03-24
7607,Delilah,Bonilla,Tiraspol,2014-05-02
8831,Halette,Bakerman,Almaty,2003-03-25
9606,Susan,Seagraves,Andorra la Vella,2019-07-11
7264,Rivalee,Septima,Manzini,2014-09-13
8240,Kylynn,Bach,Jamestown,2013-10-17
2211,Berget,Keily,Pattaya,2004-03-29
1201,Tersina,Sallyann,Timbuktu,2014-07-31
7236,Arlina,Laurianne,Toulouse,2008-12-20
721,Britte,Holtz,Oklahoma City,2013-10-10
6060,Gloria,Boehike,The Hague,2013-04-01
9158,Loree,Wind,Majuro,2013-12-01
7569,Gratia,Ajay,Ljubljana,2003-09-19
5860,Marinna,Infield,Johor Bahru,2002-04-16
582,Bobinette,Goerke,Nakhon Ratchasima,2007-05-22
4130,Clarice,Claudine,Gdańsk,2014-09-14
7212,Tomasina,Audly,Shenyang,2008-10-08
4049,Paule,Bettine,Split (city),2007-10-17
7134,Ardeen,Simmonds,Jinan,2014-01-31
7379,Carol-Jean,Neva,Marrakech,2010-04-25
9076,Yetty,Alwin,Adak,2015-07-15
1423,Robinia,McNully,Lilongwe,2005-03-15
4240,Kellen,Jotham,Atlanta,2011-05-05
724,Feliza,Raffo,Mashhad,2009-05-12
8303,Corene,Jaylene,Jayapura,2003-03-21
1279,Clarice,Kazimir,Hagåtña,2011-10-02
7068,Carmencita,Jagir,Kano,2007-05-31
3938,Marnia,Gaal,Las Palmas de Gran Canaria,2007-12-06
3373,Joeann,Pandolfi,Cali,2002-11-03
1088,Janeczka,Marijo,Chuí,2018-05-03
4504,Aili,Dash,Zapopan,2005-03-14
6549,Henriette,Thornburg,Iquique,2009-05-10
187,Clo,Kronfeld,Sarajevo,2015-07-08
5358,Doro,Roumell,Shillong,2019-05-25
6023,Fernande,Willie,Kathmandu,2004-12-29
5920,Janenna,Cloris,El Paso,2014-11-28
5240,Valli,Aida,Palma,2012-06-09
5137,Gaylene,Calhoun,Ibadan,2006-01-12
8152,Margette,Henrie,Taiyuan,2016-11-18
8575,Blake,Wiener,Quebec City,2008-12-10
3990,Berta,Odell,Niamey,2011-10-12
7017,Hannis,Bonilla,Cebu City,2017-07-14
7288,Lilith,Gualtiero,Philadelphia,2013-11-01
1954,Janey,Koehler,Munich,2018-01-25
6702,Dennie,Avi,Pelotas,2011-10-05
1535,Lulita,Joeann,Gold Coast,2010-07-17
4531,Kate,Alrich,Enugu,2006-07-04
156,Zia,Arvo,Port of Spain,2014-08-19
6047,Gerianna,Harday,Asmara,2004-10-03
9838,Damaris,Shuler,Riverside,2009-08-09
5108,Jackie,Hollingsworth,Auckland,2016-06-23
8268,Imojean,Beniamino,Brikama,2006-11-18
45,Heida,Tremayne,Thimphu,2004-04-17
268,Bernie,Hubert,Colombo,2014-02-28
5871,Linet,Ashok,Washington,2005-04-05
4768,Lory,Bohlin,Houston,2013-05-28
9803,Darlleen,Soneson,Peshawar,2009-04-22
90,Aurore,McAdams,Santa Cruz de la Sierra,2017-03-05
9675,Briney,Engdahl,Port of Spain,2003-10-20
8232,Nicoli,Shelba,Dalian,2005-08-17
5188,Noelle,Jillane,Glasgow,2011-02-21
1554,Celene,Sinegold,St. George's,2010-06-22
7506,Jobi,Hoenack,Baltimore,2012-08-08
9511,Sheelagh,Wu,Belgrade,2006-06-24
6406,Kamilah,Burch,Addis Ababa,2015-10-11
6564,Dulcinea,Rozanna,Dakar,2007-07-01
2025,Zsa Zsa,Lay,Bahía Blanca,2019-06-04
9585,Edyth,Pandolfi,Manama,2016-06-23
1380,Fernande,Iphlgenia,Zürich,2014-09-01
1117,Maud,Gino,Chittagong,2009-09-16
2746,Stephanie,Deegan,Kanpur,2018-11-10
9159,Elmira,Colyer,Belgrade,2019-07-28
1571,Eugine,Killigrew,Leeds,2019-09-24
185,Donnie,Telfer,Bamako,2019-05-12
1074,Janis,Lay,Lahore,2005-09-10
8795,Halette,Travax,Rochester,2019-10-01
538,Emylee,An,Tehran,2009-11-25
2230,Lexine,Ethban,Bulawayo,2012-10-09
1197,Petronia,Lea,Damascus,2010-01-30
462,Cherilyn,Abernon,Surabaya,2008-03-20
1436,Dari,Alabaster,Bratsk,2012-01-26